Title,Author,Format-Year
Real-World Spanish: The Conversation Learning System,Camila Vega Rivera,"Real-World Spanish: The Conversation Learning System, eAudiobook / eAudiobook, 2025"
Learning Spanish-beginner I,"Iris Acevedo A.; Spanishonline, Costarica","Learning Spanish-beginner I, eBook / eBook, 2025 — Spanish / eBook, 2025. Language: Spanish"
100 Facts About Learning Spanish,Science-Based Language Learning Lab,"eAudiobook, 2024 / 100 Facts About Learning Spanish, eAudiobook"
A Beginner's Guide to Learning Spanish,"Miller, Jackson","eAudiobook, 2024 / A Beginner's Guide to Learning Spanish, eAudiobook"
No Tears Spanish Grammar: Easy Learning: Essential Rules for Beginners,"Bennett, Olivia","No Tears Spanish Grammar: Easy Learning: Essential Rules for Beginners, eBook / eBook, 2024"
100 Facts About Learning Spanish,Science-Based Language Learning Lab,"eBook, 2024 / 100 Facts About Learning Spanish, eBook"
Learning Spanish for Adults Beginner,"World, Spain","eBook, 2023 / Learning Spanish for Adults Beginner, eBook"
Learning to Read in English and Spanish Made Easy,"Navarijo, Susie G.","eBook, 2022 / Learning to Read in English and Spanish Made Easy, eBook"
Spanish for Beginners: A Comprehensive Guide for Learning the Spanish Language Fast,Language Equipped Travelers,"eBook, 2021 / Spanish for Beginners: A Comprehensive Guide for Learning the Spanish Language Fast, eBook"
"Spanish: Beginner's Step by Step Course to Quickly Learning the Spanish Language, Spanish Grammar &","Michaels, Steven J.","eBook, 2021 / Spanish: Beginner's Step by Step Course to Quickly Learning the Spanish Language, Spanish Grammar &, eBook"
Learn Spanish Like a Native for Beginners - Level 1: Learning Spanish in Your Car Has Never Been Eas,Learn Like a Native,"Learn Spanish Like a Native for Beginners - Level 1: Learning Spanish in Your Car Has Never Been Eas, eBook / eBook, 2021"
Learn Spanish Like a Native for Beginners - Level 2: Learning Spanish in Your Car Has Never Been Eas,Learn Like a Native,"eBook, 2021 / Learn Spanish Like a Native for Beginners - Level 2: Learning Spanish in Your Car Has Never Been Eas, eBook"
I'm Learning Spanish,"Gardner, James M.","eAudiobook, 2020 — Chinese / I'm Learning Spanish, eAudiobook / eAudiobook, 2020. Language: Chinese"
I am learning Spanish,"Gardner, James M.","I am learning Spanish, eAudiobook / eAudiobook, 2018"
The Best Spanish Learning Games for Children,"Professor, Baby","eBook, 2017 / The Best Spanish Learning Games for Children, eBook"
Easy Learning Spanish Vocabulary,"Dictionaries, Collins","eBook, 2016. Language: Spanish / eBook, 2016 — Spanish / Easy Learning Spanish Vocabulary, eBook"
Spanish Easy Learning Complete Course,"Carmen García del Río; Fitzsimons, Ronan","Spanish Easy Learning Complete Course, eAudiobook / eAudiobook, 2016"
Learning the Local Language: Your Guide to Real World Spanish,"Romey, Jared","Learning the Local Language: Your Guide to Real World Spanish, eBook / eBook, 2013"
Expressing Emotion with the Subjunctive,Unknown Author,"Expressing Emotion with the Subjunctive, Streaming Video / Streaming Video, 2017"
Advanced Work with the Preterite Tense,Unknown Author,"Streaming Video, 2017 / Advanced Work with the Preterite Tense, Streaming Video"
